"n_pcs","n_clusters","ari_compared_to_8_pcs"
6,10,0.695420601395025
7,11,0.761534479612817
8,9,1
9,10,0.832572848599392
10,9,0.936713473401088
11,9,0.869095185407805
12,9,0.835746637093675
13,9,0.834543988710266
